,smiles,probs
0,O=C1N(C(=O)CC=2C1=CC=CC2)C3=C(OC)C=CC=C3,0.9999609
1,C(OCC1=C(Cl)C=CC=C1Cl)(=O)C2=CC(B(O)O)=CC(N(=O)=O)=C2,0.99999774
2,O(CCCOC)C1=C(OC)C=CC(C[C@@H](C[C@@H]([C@H](CNC(C(C)(C)C2=CC(F)=CC=C2)=O)O)N)C(C)C)=C1,1.0
3,[C@H](C(N[C@H](C(N[C@H](C(O)=O)C)=O)CCCNC(=N)N)=O)(NC([C@@H](NC(=O)C1=CC=CC=C1)CCCC)=O)CCCCN,0.99998474
4,O(CC=1C=C2C(=CC1)OCCN2CCCOC)[C@@H]3[C@H](C[C@@H](CC(C(NC[C@H](C)O)=O)(C)C)NC3)C4=CC=C(COC)C=C4,0.99999857
5,C(CCOC)C=1C=2C(NC1)=CC=C(C[C@@H](C[C@@H]([C@H](CNC(C(C)(C)C=3NC=CN3)=O)O)N)C(C)C)C2,0.9999745
6,O(C=1C2=C(N=C(NC3=CC=C(C#N)C=C3)N1)C=CC=C2)C4=C(OCCC)C=C(C#N)C=C4OCC,1.0
7,C([C@H](CCNCC1=CC=C(Cl)C=C1)N)(=O)N2CC(F)CCC2,0.9991652
8,S(C=1C(COCCO)C(=S)CC(=O)C1C)C2=CC=CC=C2,1.0
9,C(CCOC)N1C=2C(=CC=C(CO[C@@H]3CC[C@@H](CC(C(NC[C@H]4CCCCN4)=O)(C)C)NC3)C2)OCC1,0.9999074
10,CC1=C(N2[C@H]3C[C@@H](C2)N(C)C3)C=CC(NC=4N=C(C=CN4)C5=CC=C(CC(NC6CC6)=O)C=C5)=C1,0.9999999
11,[C@H](CC1=CC=CC=C1)(C(NOC(C)=O)=O)NC(CN)=O,1.0
12,C([C@@H](C[C@@H]([C@H](CNC(C(C)(C)[C@H]1CC[C@H](NC(C)=O)CC1)=O)O)N)C(C)C)C=2C=C(CCCCOC)N=CC2,0.9999852
13,O(C=1C=2C(OC(=O)C1)=CC=CC2)C=3N=C(NC4=C(Cl)C=CC=C4)N=C(NCC(OCC)=O)N3,0.99998987
14,C([C@@H](C[C@@H]([C@H](C[C@H](C(NCCCOC)=O)C(C)C)O)N)C(C)C)C=1C=C(CCCCOC)N(=O)=C(C)C1,0.9999994
15,O([C@H]1[C@H](NCC)C[C@H](N)[C@@H](O[C@H]2OC(CN)=CC[C@H]2N)[C@@H]1O)[C@@H]3[C@H](O)[C@@H](NC)[C@@](C)(O)CO3,1.0
16,C(CC1=CC(Br)=C(O)C(Br)=C1)(C(O)=O)C2=CC=CC=C2,0.9995509
17,O(CC=1C=C2C(=CC1)OCCN2CCCOC)[C@@H]3[C@H](C[C@H](C[C@H](NC(C)=O)C)NC3)C4=CC=C(OC)C=C4,1.0
18,CC1=C(N2[C@H]3C[C@@H](C2)N(C3)C4CCCC4)C=CC(NC=5N=C(C=CN5)C=6C=CC(OC7CCOCC7)=NC6)=C1,1.0
19,N(C(C)=O)C=1C2=C(C(N(=O)=O)=CC1)C=CC=N2,0.9999771
20,N(C(NC1=C(C)C=CC=C1)=O)C2=C(O)C=C(C#N)C=C2,1.0
21,C(NC(C)(C)C)(=O)C1(CCC2=CC=CC=C2)C(O)=C(C(=O)O1)C=3C=4C(NC3)=CC=CC4,1.0
22,C(N/N=C/C1=C(O)C=CC=C1)(=O)C=2C=C(C3=CC4=C(C=C3)C=CC=C4)NN2,1.0
23,O(CC=1C=C2C(=CC1)OCCN2CCCOC)[C@@H]3[C@]([C@H](OCC(N(CC)CC)=O)CNC3)(C4=CC=C(COCCOC)C=C4)[H],1.0
24,O([C@H]1O[C@H](CO)[C@@](C)(O)[C@H]1O)[C@@H]2[C@@H](O)[C@H](O[C@H]3O[C@H](CN)[C@@H](O)[C@H](O)[C@H]3N)[C@@H](N)C[C@H]2N,0.99999917
25,C(CCCCOC(C)=O)C=1N2C(=C(C)N1)C=CC(Cl)=N2,0.9993755
26,C(CCOC)N1C=2C(N=C1C(F)(F)F)=CC=C(C[C@@H](C[C@@H]([C@H](C[C@H](C(NC=3C=CC(C)=NC3)=O)C(C)C)O)N)C(C)C)C2,0.99912125
27,C(S(C(CC1=CC=CC=C1)CC)=O)(CC2=CC=CC=C2)CC,1.0
28,C(CCC)(=O)C=1C=2C(OC(=O)C1)=CC(O)=CC2,1.0
29,C(CC(C[C@@H]([C@H](CN1CCC(C)(C)C1=O)O)N)(C)C)(=O)N2C=3C(CC(NC(OC)=O)C2)=CC=CC3,0.99960166
30,C(CCOC)N1C=2C(=CC=C(CO[C@@H]3CC[C@@H](CC(C(NC)=O)(C)C)NC3)C2)OCC1,0.9999999
31,O=C1C(C=2NC=3C(S(=O)(=O)N2)=CC=CC3)=C(O)C=4C(N1CC(CC)CC)=NC=NC4,0.999995
32,C(NC([C@@H](NC([C@@H]([C@@H]([C@H](CC1=CC=CC=C1)NC([C@@H](NC(OCC2=CC=CC=C2)=O)C(C)C)=O)O)NCC3=CC=C(OCC)C=C3)=O)C(C)C)=O)C=4NC=5C(N4)=CC=CC5,1.0
33,C(N1C2=C(C(O)=C(C1=O)C=3NC=4C(S(=O)(=O)N3)=CC=CC4)SC(S(C)(=O)=O)=N2)C5=CC=CC=C5,0.99999666
34,C[C@]1(F)[C@@](O[C@H](COP(OC=2C3=C(C=CC2)C=CC=C3)(N[C@H](C(OCC)=O)C)=O)[C@H]1OC(C)=O)(C=4N5C(=NC4)C(N)=NC=N5)[H],1.0
35,[C@@H](N[C@@H]([C@H](CC1=CC=CC=C1)N)C(N)=O)(C(OC)=O)CC(C)C,1.0
36,S(C1=C(C#CC2=CC=CC=C2)C(=O)CC(=O)C1COCCO)C3=CC=CC=C3,0.9999974
37,C(CCCOC)C=1C(OC)=CN=C(C[C@@H](C[C@@H]([C@H](CN2C(=O)CCCC2)O)N)C(C)C)C1,1.0
38,C(=O)(C1=C(C(O)=O)C=CC=C1)C2=CC=C(OC)C=C2,1.0
39,C([C@@H](C[C@@H]([C@H](C[C@H](C(NC1CCOCC1)=O)C(C)C)O)N)C(C)C)C2=CC(C(CCCOC)=O)=C(C)C=C2,0.9997516
40,C(CNC1CCCCC1)(=O)N2CCCCC2,0.9998161
41,O(CC=1C=C2C(=CC1)OCCN2CCCOC)[C@@H]3[C@H]([C@H](OCCCN4CCOCC4)CNC3)C5=CC=C(OC)C=C5,1.0
42,C(O)[C@H]1[C@@H](OC=2C(O1)=CC=C(C2)[C@H]3OC=4C(C(=O)[C@@H]3O)=C(O)C=C(O)C4)C5=CC(OC)=C(O)C=C5,0.9999932
43,O(CC=1C=C2C(=CC1)OCCN2CCCOC)[C@@H]3[C@H]([C@H](OCC(N(CC)C)=O)CNC3)C4=CC=C(COC)C=C4,0.99999976
44,O(CCCOC)C1=C(OC)C=CC(C[C@@H](C[C@@H]([C@H](CN2C(=O)C(C)(C)CCCC2)O)N)C(C)C)=C1,0.99989057
45,C(NC(C)(C)C)(=O)[C@H]1N(C[C@H]([C@H](CC2=CC=CC=C2)NC([C@@H](NC(OCC3=CC=CC=C3)=O)CC(N)=O)=O)O)CCC1,0.99989986
46,C(CCOC)C=1C=2C(NC1)=CC=C(C[C@@H](C[C@@H]([C@H](C[C@H](C(NCC(F)(F)F)=O)C(C)C)O)N)C(C)C)C2,0.99999034
47,[C@H]([C@@H]([C@H](CC1=CC=CC=C1)NC([C@@H](NC(OCC2=CC=CC=C2)=O)C(C)C)=O)O)(NC3=CC=C(C=C3)C4=CC=CC=C4)C(N[C@H](C(NCC=5NC=6C(N5)=CC=CC6)=O)C(C)C)=O,0.99964213
48,C(O)[C@@H]1C=2C(O[C@]1(C3=CC(OC)=C(O)C=C3)[H])=C(O)C=C(C2)[C@]4(OC=5C(C(=O)[C@@H]4O)=C(O)C=C(O)C5)[H],0.9999945
49,C(CCOC)N1C=2C(=CC=C(CO[C@@H]3[C@]([C@H](O)CNC3)(C4=CC=C(O[C@@H]5CN(CC5)C6=CC(F)=CC=C6)C=C4)[H])C2)OCC1,1.0
50,O(CC=1C=C2C(=CC1)OCCN2CCCOC)[C@@H]3[C@]([C@H](OCC(=O)N4[C@H](C)CCC4)CNC3)(C5=CC=C(COCC6CC6)C=C5)[H],0.9999813
51,C(=C/N(C(C)=O)C)\\C1=C(F)C=CC=C1,1.0
52,[C@@H](C(NCC(C)=O)=O)([C@H](CC)C)NC(OCC1=CC=CC=C1)=O,1.0
53,C(CCOC)N1C=2C(=CC=C(CO[C@@H]3[C@H]([C@H](O)CNC3)C4=CC=C(OCCCCOC)C=C4)C2)OCC1,1.0
54,C(CCOC)C=1C=2C(NC1)=CC=C(C[C@@H](C[C@@H]([C@H](C[C@H](C(NC(C)(C)C)=O)C(C)C)O)N)C(C)C)C2,0.9995989
55,N(C(NCC(C)=O)=O)(NC(OCC1=CC=CC=C1)=O)C(C)C,0.99957246
56,N(C(NC1=C(O)C(C#N)=CC=C1)=O)C2=C(OC)C=CC=C2,0.9999968
57,[C@H]([C@@H]([C@H]([C@@H](OCC1=CC=CC=C1)COCC2=C(F)C=CC=C2)O)O)(OCC3=CC=CC=C3)COCC4=C(F)C=CC=C4,1.0
58,O=C1C(C=2NC3=C(S(=O)(=O)N2)C(CNS(NC(OCC4=CC=CC=C4)=O)(=O)=O)=CS3)=C(O)C=5C([C@]1(CCC(C)(C)C)C)=CC=CC5,1.0
59,FC1=C(N2[C@H]3C[C@@H](C2)N(C)C3)C=CC(NC=4N=C(C=CN4)C=5C=NC(=CN5)N6CC(C)CCC6)=C1,0.9999987
60,C(C(C(C(CC1=CC=CC=C1)NC(C(NC(CC2=CC=CC=N2)=O)C(CC)C)=O)O)O)(CC3=CC=CC=C3)NC(C(NC(CC4=CC=CC=N4)=O)C(CC)C)=O,0.99983
61,C(CN1CC=2C(CC1)=CC=CC2)(=O)N3[C@H](C#N)CCC3,0.99993896
62,[C@H]([C@@H]([C@H]([C@@H](OCC1=CC=CC=C1)COCC2=CC=C(Br)C=C2)O)O)(OCC3=CC=CC=C3)COCC4=CC=C(Br)C=C4,0.99992573
63,N(CC=1C=CC=NC1)C2=CC(CC)=C(C)NC2=O,1.0
64,C(=C(C(OCC)=O)C)(C1=CC=CC=C1)C2=CC=CC=C2,0.9999993
65,[C@H](NC(=O)C1=C(C)C=CC=C1)(C)C2=CC3=C(C=C2)C=CC=C3,0.99985456
66,C(N1C(C(CCC)(F)F)=NC(CCCC)=N1)C2=CC=C(C=C2)C3=C(C=CC=C3)C=4NN=NN4,1.0
67,O=C1C(C=2NC=3C(S(=O)(=O)N2)=CC=CC3)=C(O)C4=C(N1CC5=CC(Br)=CC=C5)CCCC4,1.0
68,O(CCCOC)C1=C(OC)C=CC(C[C@@H](C[C@@H]([C@H](C[C@H](C(N[C@H]2CCCOC2)=O)C(C)C)O)N)C(C)C)=C1,0.9999716
69,C(N1C(=C(CC)N=C1CCC)C=2NN=NN2)C3=CC=C(C=C3)C4=C(CN(C(OC5=CC=CC=C5)=O)CC4)C=6NN=NN6,1.0
70,C(CCOC)C=1C=2C(NC1)=CC=C(C[C@@H](C[C@@H]([C@H](CNC(C(C)(C)C3=CC=C(F)C=C3)=O)O)N)C(C)C)N2,1.0
71,CC1=C(N2[C@H]3C[C@@H](C2)N(C)C3)C=CC(NC=4N=C(C=CN4)C5=CC=C(C=C5)C=6OC(=CN6)C7=CC=C(N(C)C)C=C7)=C1,0.9999999
72,C(CC1=CC=CC=C1)C2CN(C#N)CCC2,1.0
73,C(F)(F)(F)C=1C=C2N(C=NC2=CC1)C=3N=C(N[C@H](C(NCCCOC)=O)CC(C)C)C=C(CCCC)N3,0.99999976
74,C(CCC(CCCC1=CC=CC=C1)O)C2=CC=CC=C2,0.9999342
75,OC=1C=C(C=CC1NC(NC2=C(Br)C=CC=C2)=O)C3=CC=CC=C3,1.0
76,CC1=C(N2[C@H]3C[C@@H](C2)N(CC(F)(F)F)C3)C=CC(NC=4N=C(C=CN4)C=5C=C6C(=NC5)NC=C6)=C1,1.0
77,S(CC1=C(OC)C=CC(C)=C1)(=O)(=O)C=2N(=O)=CC=CC2,0.99998367
78,[C@H](C(=O)N1CCCCC1)(NC2CCNCC2)CCN,0.9995715
79,C(CC(C[C@@H]([C@H](CNC([C@@](OC)(C)C1CCCCC1)=O)O)N)(C)C)(=O)N2C=3C(CC(NC(OC)=O)C2)=CC=CC3,0.99990857
80,C(CCOC)C=1C=2C(N(C)C1C)=CC=C(C[C@@H](C[C@@H]([C@H](C[C@H](C(NCCC)=O)C(C)C)O)N)C(C)C)C2,0.99999976
81,C(O)(=O)C=1NC=2C(C1)=CC(F)=CC2,0.9997713
82,C(OC(=O)C1=CC=CC=C1)C2=C(F)C=CC=C2,0.999653
83,C([C@H](CCNC1=CC=CC=C1)N)(=O)N2CCCCC2,1.0
84,O=C1C(=C(O)C=2C(C1(CCC3CC3)C)=CC=CC2)C=4NC=5C(S(=O)(=O)N4)=CC(NC(C(F)(F)F)=O)=CC5,0.9999969
85,C([C@@H](NC([C@@H](NC([C@@H](NC([C@H](CC(O)=O)NC(C)=O)=O)C)=O)[C@H](CC)C)=O)C(C)C)(=O)N1[C@H](C(N[C@H](C(O)=O)CS)=O)CCC1,1.0
86,C(C(CN)N)(=O)N1CCCCC1,0.99959344
87,C([C@H](NC(=O)[C@H]1N(C([C@@H](NC([C@@H](NC([C@@H](NC([C@@H](NC(=O)[C@H]2N(C([C@@H](NC([C@@H](NC([C@H](CC3=CN=CN3)NC([C@@H](NC([C@H](CCCNC(=N)N)N)=O)CC(C)C)=O)=O)CS)=O)CCCCN)=O)CCC2)CCC(N)=O)=O)CCCNC(=N)N)=O)CCC(N)=O)=O)CO)=O)CCC1)C(N[C@H](C(N[C@H](C(N[C@H](C(N[C@H](C(N[C@@H](CC4=CN=CN4)C(N[C@@H](CC(C)C)C(O)=O)=O)=O)CCC(N)=O)=O)CS)=O)CCCCN)=O)CCSC)=O)C=5C=6C(NC5)=CC=CC6,1.0
88,C(NC1=C(S(C)(=O)=O)C=CC(C(F)(F)F)=C1)(=O)C2=C(C=3C(N2CC=4C=C(N)N=CC4)=CC=C(Cl)C3)C=5C(=O)NC=CC5,0.9998054
89,C([C@H](CCCCNC1=CC2=C(C=C1)C=CC=C2)N)(=O)N3CC=4C(C3)=CC=CC4,1.0
90,C(CC1=CC=CC=C1)(NC(=O)C2=CC(F)=CC=C2)P(CC(N[C@@H](CC=3C=CN=CC3)C(N[C@@H](CC4=CC=CC=C4)C(N)=O)=O)=O)(=O)O,0.99996984
91,O(CCCOC)C1=C(CC)C=CC(C[C@@H](C[C@@H]([C@H](C[C@H](C(NC2CCOCC2)=O)C(C)C)O)N)C(C)C)=C1,0.9998393
92,N(CC1=CC=CC=C1)(C)C=2C3=C(C(N(=O)=O)=CC2)C=CC=N3,1.0
93,O(CC=1C=C2C(=CC1)OCCN2CCCOC)[C@@H]3[C@H](C[C@@H](CC(NCC4=CC=CC=C4)=O)NC3)C5=CC=C(OC)C=C5,0.99996066
94,N([C@H](C(NCCCOCC)=O)CC(C)C)C1=NC(N2C=C(N=C2)C3=CC(OC)=CC=C3)=NC(CCC)=C1,0.9999987
95,C(CC)C1(CCC)C=2C(C(O)=C(C1=O)C=3NC=4C(S(=O)(=O)N3)=CC(NS(CC(F)(F)F)(=O)=O)=CC4)=CC=CC2,0.99914134
96,O(CC=1C=C2C(=CC1)OCCN2CCCOC)[C@@H]3[C@H]([C@H](OC[C@@H](COC)O)CNC3)C4=CC=C(OCCCOC)C=C4,1.0
97,[C@H](CC1=CN=CN1)([C@H]([C@@H]([C@H](C(NC[C@H](CC)C)=O)C(C)C)O)O)NC(COC2=CC=CC=C2)=O,1.0
98,[C@@H](CC1=CC=C(F)C=C1)(NC([C@@H](NC([C@@H](NC([C@H](COC([C@H](CC(C)C)NC(C)=O)=O)N)=O)C(C)C)=O)CC(C)C)=O)C(N(CC)CC)=O,0.99942267
99,OC1=C(C=2NC=3C(S(=O)(=O)N2)=CC=CC3)C(=O)N(CCN)C=4C1=CC=CN4,0.9998442
100,CC1=C(N2C3CCN(CC2)CC3)C=CC(NC=4N=C(C=CN4)C=5C=C6C(=NC5)NC(=O)C(C)(C)O6)=C1,1.0
101,N(C(NC1=C(Br)C=CC=C1)=O)C2=C(O)C=C(C)C=C2,1.0
102,CC1=C(N2[C@H]3C[C@@H](C2)N(C)C3)C=CC(NC=4N=C(C=CN4)C=5C=CC(NCCCN(C)C)=NC5)=C1,0.99994874
103,C(=C(/C(N)=S)\\C#N)\\C1=CC(O)=C(O)C=C1,1.0
104,[C@@H](CC1=CC=CC=C1)(NC([C@@H](NC([C@@H](NC([C@H](CC2=CC=CC=C2)N)=O)CCC(N)=O)=O)CCCNC(=N)N)=O)C(N[C@H](C(N[C@@H](CCCNC(=N)N)C(O)=O)=O)CO)=O,0.9996834
105,O(CC=1C=C2C(=CC1)OCCN2CCCOC)[C@@H]3[C@H](C[C@H](C[C@H](C(N(C)C)=O)CC)NC3)C4=CC=C(COCCOC)C=C4,0.9999999
106,O(CC=1C=C2C(=CC1)OCCN2CCCOC)[C@@H]3[C@H]([C@H](OCC(=O)N4CCCCC4)CNC3)C5=CC=C(COCCOC)C=C5,0.99999464
107,C(CCOC)C=1C=2C(NC1)=CC=C(C[C@@H](C[C@@H]([C@H](CNC(C(C)(C)[C@H]3[C@H](O)CCCC3)=O)O)N)C(C)C)C2,0.99999774
108,N([C@H](C(NCCCOCC)=O)CC(C)C)C1=NC(N2C=C(N=C2)C3=CC(F)=CC=C3)=NC(CCC)=C1,1.0
109,O=C1C2(C=3C(N1CC(NO)=O)=CC=CC3)OCCCO2,1.0
110,C(CC/C=C/C(=C/C1CCCCO1)/C)(=O)N2C(=O)CCC2,1.0
111,O(CC=1C=C2C(=CC1)OCCN2CCCOC)[C@@H]3[C@H](C[C@H](C[C@@H](CC)N4C=NC=N4)NC3)C5=CC=C(OCCCOC)C=C5,1.0
112,C([C@H](CCNCC1=CC=C(Cl)C=C1)N)(=O)N2CC(O)CCC2,1.0
113,[C@@H]([C@H]([C@@H](NCC1=CC=CC=C1)C(NCC2=CC=CC=C2)=O)O)(CC3=CC=CC=C3)NC([C@@H](NC(COC4=CC=CC=C4)=O)CC(N)=O)=O,1.0
114,C(CCCCCCCCCCCCCC)(=O)C1=C(O)C(CO)OC1=O,1.0
115,O(CC=1C=C2C(=CC1)OCCN2CCCOC)[C@@H]3[C@H](C[C@@H](C(O)=O)NC3)C4=CC=C(OC)C=C4,0.9999987
116,C(NCC=C1CCCC1)C2=CC=CC=C2,1.0
117,O(CC=1C=C2C(=CC1)OCCN2CCCOC)[C@@H]3[C@]([C@H](NC)CNC3)(C4=CC=C(O[C@@H]5CN(CC5)C6=CC(F)=CC=C6)C=C4)[H],0.9999994
118,O(CC=1C=C2C(=CC1)OCCN2CCCOC)[C@@H]3[C@H](C[C@@H](CC(C(N(C)C)=O)(C)C)NC3)C4=CC=C(OC)C=C4,1.0
119,[C@H](OS(C)(=O)=O)([C@@]1(N(CC2=CC=C(OC)C=C2)[C@@H](CC3=CC=CC=C3)C(=O)N(OCOC)C1=O)[H])C4=CC=C(F)C=C4,0.99998236
120,CC1=C(N2[C@H]3C[C@@H](C2)N(C)C3)C=CC(NC=4N=C(C=CN4)C5=CC=C(NS(C)(=O)=O)C=C5)=C1,0.99945146
121,N([C@H](C(NCCCOCC)=O)CC(C)C)C1=NC(N2C=3C(N=C2)=CC=CC3)=NC(CCCCCC)=C1,1.0
122,C(C(N[C@H](C(O)=O)C)=O)N1C(=O)[C@@H](NC([C@H](CC2=CC=CC=C2)N)=O)CCC1=O,0.99995565
123,O=C1C(=C(O)C=2C(C1(CCCCC(C)(C)C)C)=CC=CC2)C=3NC=4C(S(=O)(=O)N3)=CC=CC4,0.99999917
124,C(CCCOC)C1=C(OC)C=CC(C[C@@H](C[C@@H]([C@H](C[C@H](C(NC[C@@H]2CCCO2)=O)C(C)C)O)N)C(C)C)=C1,0.99986935
125,C([C@@H](C(N[C@H](C(N[C@H](C(N[C@H](C(N[C@@H](CC1=CC=C(O)C=C1)C(N[C@H](C(NCC(O)=O)=O)CCC(O)=O)=O)=O)CS)=O)C(C)C)=O)CCC(O)=O)=O)NC([C@@H](NC([C@H](CC2=CC=CC=C2)NC([C@@H](NC([C@H](CC3=CC=CC=C3)NC(CNC([C@H]([C@H](CC)C)N)=O)=O)=O)CS)=O)=O)CCC(O)=O)=O)C=4C=5C(NC4)=CC=CC5,1.0
126,[C@@H]([C@H]([C@H](C(N[C@H](C(NCC1=C(O)C=C(OC)C=C1)=O)CCC(OC)=O)=O)NCC2=CC=C(OC)C=C2)O)(CC3=CC=CC=C3)NC([C@@H](NC(OCC4=CC=CC=C4)=O)C(C)C)=O,1.0
127,N(C(NC1=CC=CC=C1)=O)C2=C(O)C=C(C#N)C=C2,0.99999297
128,N(C([C@H](NS(=O)(=O)C1=CC=CC=C1)C)=O)C=2SC(=NN2)C3=CC=C(Br)C=C3,0.9999995
129,C([C@H](CCNC(=N)N)N)(=O)N1CCCCC1,0.9999485
130,C([C@@H](C(N[C@@H](CC=1C=2C(SC1)=CC=CC2)C(N)=O)=O)NC(CP(C(CC3=CC=CC=C3)NS(=O)(=O)C4=CC=C(OC)C=C4)(=O)O)=O)(C5=CC=CC=C5)C6=CC=CC=C6,0.99990904
131,C(CNCC1=CC=CC=C1)(=O)N2CCCCC2,0.9995859
132,C(=O)([C@H]1N(C([C@H](CCSC)NC(C)=O)=O)CCC1)N2[C@H](C(N[C@H](C(N[C@H](C(N[C@H](C(N[C@H](C(N[C@@H](CC3=CC=C(O)C=C3)C(N[C@H](C(=O)N4[C@H](C(N)=O)CCC4)CO)=O)=O)CC(O)=O)=O)CCC(O)=O)=O)CC(O)=O)=O)C)=O)CCC2,1.0
133,C(CCNC(=O)C1=CC=C(C)C=C1)(=O)N2[C@H](C(N)=O)CCC2,1.0
134,[C@H]([C@@H]([C@H]([C@@H](OCC1=CC=C(Br)C=C1)COCC2=CC=CC=C2)O)O)(OCC3=CC=C(Br)C=C3)COCC4=CC=CC=C4,0.9999993
135,C(O)(=O)[C@H]1[C@]2(O[C@@](O)(C[C@@H]1O)C[C@@H](O)C[C@@H](O)[C@H](O)CC[C@@H](O)C[C@@H](O)CC(=O)O[C@@H](C)[C@H](C)[C@H](O)[C@@H](C)C=CC=CC=CC=CC=CC=CC=C[C@H](O[C@H]3[C@@H](O)[C@@H](N)[C@H](O)[C@@H](C)O3)C2)[H],0.99999607
136,[C@H](OS(C)(=O)=O)([C@@]1(N(CC2=CC=C(OC)C=C2)[C@@H](CC(C)C)C(=O)N(OCOC)C1=O)[H])C3=C(F)C=CC=C3,0.9998124
137,C(NC(C)(C)C)(=O)[C@H]1N(C[C@H](CN(S(=O)(=O)C2=CC(N(=O)=O)=CC=C2)CC(C)C)O)C[C@@]3([C@](C1)(CCCC3)[H])[H],0.99991035
138,[C@H](OS(C)(=O)=O)([C@@]1(N(CC2=CC=C(OC)C=C2)[C@@H](CC(C)C)C(=O)N(OCOC)C1=O)[H])C3=CC=C(OC)C=C3,0.9994956
139,[C@@H]([C@H]([C@H](C(N[C@H](C(NCC1=CC=CC=C1)=O)C(C)C)=O)NCCC2=CC=C(O)C=C2)O)(CC3=CC=CC=C3)NC([C@@H](NC(OCC4=CC=CC=C4)=O)C(C)C)=O,1.0
140,C(N1C(C(O)=O)=C(CC)N=C1CCC)C2=CC=C(C=C2)C=3C(C(O)=O)CCN(C(C(CCC)C4=CC=CC=C4)=O)CC3,0.9999577
141,C(C(P(=O)(O)O)N)C1=CC=C(O)C=C1,0.9998617
142,O(C1=C(OC=2C(C1=O)=C(O)C=C(O)C2)C3=CC(O)=C(O)C=C3)C4C(O)C(O)C(O)C(C)O4,0.99995816
143,CC1=C(N2[C@H]3C[C@@H](C2)N(C)C3)C=CC(NC=4N=C(C=CN4)C=5C=CC(=NC5)C=6NN=NN6)=C1,1.0
144,C([C@@H](C(N[C@H](C(=O)N1[C@H](C(N[C@@H](CC2=CC=CC=C2)C(N[C@H](C(N[C@H](C(N[C@H](C(N[C@@H](CC3=CC=C(O)C=C3)C(N[C@H](C(N[C@H](C(N[C@H](C(N[C@@H](CC4=CC=CC=C4)C(O)=O)=O)CC(C)C)=O)CS)=O)CCSC)=O)=O)CC5=CC=CC=C5)=O)CO)=O)C)=O)=O)CCC1)CC6=CC=C(O)C=C6)=O)NC([C@@H](NC([C@@H](NC([C@@H](NC([C@@H](NC([C@H](CC(O)=O)N)=O)CC(O)=O)=O)CCSC)=O)CS)=O)CCCNC(=N)N)=O)C=7C=8C(NC7)=CC=CC8,0.9999993
145,N([C@H](C(NCCCOCC)=O)CC(C)C)C1=NC(C=2C=CC(=NC2)C3=CC(C(F)(F)F)=CC=C3)=NC(CCC)=C1,1.0
146,C(O)(=O)C=1C=C2C(N(C=N2)C3CCCCC3)=CC1,0.9999368
147,[C@@H](/C(=C(/S(=O)(=O)C1=CC=CC=C1)\\C#N)/O)(CC2=CC=CC=C2)NC([C@H](CC(C)C)NC(C)=O)=O,0.99983215
148,N(C(NC1=CC=C(OC)C=C1)=O)C2=C(O)C(Cl)=C(Cl)C=C2,0.999998
149,C(\\CNCC1=CC=C(F)C=C1)(/F)=C/2\\C(C#N)CCC2,1.0
150,CC1=C(N2C3CCC2CC3)C=CC(NC=4N=C(C=CN4)C=5C=CC(=NC5)N6CCOCC6)=C1,1.0
151,C(CCOC)C1=C2N(C(C)=N1)C=CC(C[C@@H](C[C@@H]([C@H](C[C@H](C(NC)=O)C(C)C)O)N)C(C)C)=C2,0.99997914
152,C(C(C(C(NC(C(C(CC)C)N)=O)CC1=CC=CC=C1)O)O)(NC(C(C(CC)C)N)=O)CC2=CC=CC=C2,0.99998295
153,O=C1C=2C(C(=O)N1CCCC3=CC(CC)=C(C)NC3=O)=CC=CC2,1.0
154,N(C(NC1=CC(Br)=CC=C1)=O)C2=C(O)C=C(N(=O)=O)C=C2,1.0
155,S(C)(=O)(=O)N1[C@@]2([C@](N(C(OCC3=CC=CC=C3)=O)CC2)([C@H](C)C1=O)[H])[H],1.0
156,CN1C[C@H]2N(C[C@@H]1C2)C3=CC=C(NC=4N=C(C=CN4)C=5C=CC(=NC5)N6CCOCC6)C=C3,1.0
157,N(C(NC1=C(O)C=CC=C1)=O)C2=C(Br)C=CC=C2,0.99914837
158,C([C@H](CCCCN)N)(=O)N1CCC1,1.0
159,C(CNC1CCCCC1)(=S)N2CCCCC2,0.9999999
160,O(CC=1C=C2C(=CC1)OCCN2CCCOC)[C@@H]3[C@H](C[C@H](C[C@@H](C(NC)=O)CC)NC3)C4=CC=C(COCCOC)C=C4,0.999869
161,FC=1C=C2N(C=NC2=CC1)C=3N=C(N[C@H](C(NCCCOCC)=O)CC(C)C)C=C(CCCC)N3,1.0
162,S(N[C@H](C(N[C@H](C(N[C@H](/C=C/S(C)(=O)=O)CC(C)C)=O)CO)=O)CC(NCCCCC)=O)(=O)(=O)C1=CC=C(C)C=C1,0.9999893
163,O(C)C=1C=C2C=3[N+](=CC=4C(C3)=CC=C(OC)C4OC)CCC2=CC1O,1.0
164,CC1=C(N2[C@@H]3CN(S(C)(=O)=O)[C@H](C2)C3)C=CC(NC=4N=C(C=CN4)C=5C=CC(N)=NC5)=C1,0.9999393
165,C(C1=CC=C(C2=C(C=CC=C2)C=3NN=NN3)C=C1)N4C(CF)=NC(CCCC)=N4,1.0
166,O(C)C=1C=C2N(C=NC2=CC1)C=3N=C(N[C@H](C(NCCCOCC)=O)CC(C)C)C=C(CCCC)N3,1.0
167,N([C@H](C(NCCCC1CCCO1)=O)CC(C)C)C2=NC(=NC(CCCC)=C2)N3C=C(N=C3)C4=CC=C(OC(F)(F)F)C=C4,0.99999833
168,C(CCOC)N1C=2C(C(C)=C1)=CC=C(C[C@@H](C[C@@H]([C@H](CN(CCOC)C(C)C)O)N)C(C)C)C2,1.0
169,N(CC=1C=COC1)C2=CC(CC)=C(C)NC2=O,1.0
170,C(CCOC)N1C=2C(=CC=C(CO[C@@H]3[C@H]([C@H](O)CNC3)C4=CC=C(OC)C=C4)C2)OCC1,1.0
171,O=C1C=2C(O[C@@H]([C@H]1O)C3=CC(O)=C(O)C=C3)=CC(O)=CC2O,1.0
172,N(=O)(=O)C=1C2=C(C(O)=C(CN3CCOCC3)C1)N=CC=C2,1.0
173,O(CC=1C=C2C(=CC1)OCCN2CCCOC)[C@@H]3[C@H](C[C@H](C[C@H](OC(N(C)C)=O)C)NC3)C4=CC=C(OC)C=C4,1.0
174,O(CC=1C=C2C(=CC1)OCCN2CCCOC)[C@@H]3[C@H]([C@H](OC[C@@H](COC)O)CNC3)C4=CC=C(COCCOC)C=C4,1.0
175,CC1=C(C=CC(NC=2N=C(C=CN2)C=3C=CC(N(C)C)=NC3)=C1)N4CC5(C)CC(C)(C4)CN(C)C5,1.0
176,N(CC1=CC=CC=C1)(C(N[C@@H](CC2=CC=C(O)C=C2)C=O)=O)N3CCCCC3,0.9999317
177,C(C)(C)N1C(=NC=2C1=CC=C(C(O)=O)C2)C3=CC=CC=N3,1.0
178,O=C1C(C=2NC=3C(S(=O)(=O)N2)=CC=CC3)=C(O)C=4C(N1CC5=CC=CC=C5)=CC=CN4,1.0
179,C(CCOC)C=1C=2C(NC1)=CC=C(C[C@@H](C[C@@H]([C@H](CNC(C(C)(C)[C@H]3CC[C@@H](N(C)C)CC3)=O)O)N)C(C)C)N2,1.0
180,C(CNCC1=CC=CC=C1)(=S)N2CCCCC2,1.0
181,C([C@H](C(CC(OC)=O)=O)N)C1=CC=CC=C1,0.9999976
182,O(CC=1C=C2C(=CC1)OCCN2CCCOC)[C@@H]3[C@H]([C@H](CNC(CCCC)=O)CNC3)C4=CC=C(COCC5CC5)C=C4,1.0
183,C(CC(C[C@@H]([C@H](CNC([C@](C(F)(F)F)(OC)C)=O)O)N)(C)C)(=O)N1C=2C(CC(NC(OC)=O)C1)=CC=CC2,0.9996879
184,S(C=1N(COCCO)C(=O)NC(=O)C1C)C2=CC(C(ON)=O)=CC=C2,0.9999937
185,N(C=1N=C(SC2CCCCC2)C=C(C)N1)C3=CC=C(C#N)C=C3,0.99995995
186,C(CNC1CCCC1)(=O)N2CCCCC2,1.0
187,C(CCOC)N1C=2C(=CC=C(CO[C@@H]3[C@]([C@@H](N)CNC3)(C4=CC=C(O[C@@H]5CN(CC5)C6=CC(F)=CC=C6)C=C4)[H])C2)OCC1,1.0
188,C(O)(=O)C=1N(C=2C(C1C=3C(=O)NC=CC3)=CC(Cl)=CC2)C4=C(N(=O)=O)C=CC=C4,1.0
189,O(CC=1C=C2C(=CC1)OCCN2CCCOC)[C@@H]3[C@H]([C@H](OCCCOC)CNC3)C4=CC=C(COC[C@H](COC)C)C=C4,1.0
190,FC1=C(N2CC3(C)CC(C)(C2)CN(C)C3)C=CC(NC=4N=C(C=CN4)C=5C=CC(NCC6=CC=CC=C6)=NC5)=C1,1.0
191,C(#N)[C@@]1([C@](C)(F)[C@H](O)[C@@H](CO)O1)C=2N3C(=CC2)C(N)=NC=N3,1.0
192,O=C1C(=C(O)C=2C(N1CC=3SC(C(C)(C)C)=CC3)=NC=CC2)C=4NC=5C(S(=O)(=O)N4)=CC=CC5,0.9999957
193,O(CC=1C=C2C(=CC1)OCCN2CCCOC)[C@@H]3[C@H]([C@H](OCCN4CCOCC4)CNC3)C5=CC=C(OCCCOC)C=C5,1.0
194,C(=C/C(O)=O)\\C1=CC(O)=C(O)C=C1,0.9999999
195,C(N1C(=NC(CCCC)=N1)C2=CC=CC=C2)C3=CC=C(C=C3)C4=C(C=CC=C4)C=5NN=NN5,0.9999895
196,CC1=C(N2[C@H]3C[C@@H](C2)N(C)C3)N=CC(NC=4N=C(C=CN4)C5=CC=C(NC(C(C)(C)C)=O)C=C5)=C1,0.99999213
197,N(C(NC1=CC(N(=O)=O)=CC=C1O)=O)C2=C(OC)C=CC=C2,0.9997042
198,O=C1C(=C(O)C=2C(C1(CCCC3CCCCC3)C)=CC=CC2)C=4NC=5C(S(=O)(=O)N4)=CC=CC5,1.0
199,N([C@H](C(NCCCC#N)=O)CC(C)C)C1=NC(N2C=3C(N=C2)=CC=CC3)=NC(CCCC)=C1,0.9999831
200,C[C@]1(F)[C@](C=2N3C(=NC2)C(N)=NC=N3)(O[C@]4([C@]1(OP(OC(C)C)(=O)OC4)[H])[H])[H],1.0
201,OC1=C(C=2NC=3C(S(=O)(=O)N2)=CC=CC3)C(=O)N(CCCO)C=4C1=CC=CN4,0.99997914
202,O(CCCOC)C1=C(OC)N=CC(C[C@@H](C[C@@H]([C@H](CNC(C(C)(C)[C@H]2[C@H](O)CCCC2)=O)O)N)C(C)C)=C1,1.0
203,C(CCOC)C=1C=2C(NC1)=CC=C(C[C@@H](C[C@@H]([C@H](C[C@H](C(N[C@@H]3CCNC3)=O)C(C)C)O)N)C(C)C)C2,0.99994445
204,C(CCOC)C=1C=2C(N(C)C1C)=CC=C(C[C@@H](C[C@@H]([C@H](C[C@H](C(NC3=CC(C#N)=CC=C3)=O)C(C)C)O)N)C(C)C)C2,0.99988353
205,[C@@H](CC1=CC=CC=C1)(NC(=O)N2CCOCC2)C(N[C@H](/C=C/S(C)(=O)=O)C)=O,1.0
206,N(C(NC1=C(O)C=C(C#N)C=C1)=O)C2=CC=C(C=C2)C3=CC=CC=C3,0.9997156
207,CC=1C=2C(=C(O)C(O)=CC2)OC(=O)C1,1.0
208,C(CCOC)N1C=2C(=CC=C(CO[C@@H]3[C@H]([C@H](O)CNC3)C4=CC=C(OCCCOC5=C(Cl)C=CC=C5)C=C4)C2)OCC1,0.9999999
209,C(CCOC)N1C=2C(=CC=C(CO[C@@H]3CC[C@@H](CC(C(NC[C@H](COC)O)=O)(C)C)NC3)C2)OCC1,1.0
210,[C@H](C(NC1=C(C)C=CC=C1)=O)(NC([C@@H]([C@@H](N)C2=CC=CC=C2)O)=O)CC(C)C,0.9999355
211,C(OC)C1=C(C2=C(C=C1CNCCC)C=C(OC)C(OC)=C2)C3=CC(OC)=C(OC)C=C3,1.0
212,C([C@@H](NC([C@@H](NC([C@H](CCCCN)N)=O)C(C)C)=O)CC(C)C)(=O)N1[C@H](C(O)=O)CCC1,1.0
213,O(CC=1C=C2C(=CC1)OCCN2CCCOC)[C@@H]3[C@H]([C@H](OCC(NCCC)=O)CNC3)C4=CC=C(COCC5CC5)C=C4,0.9999999
214,O(CC=1C=C2C(=CC1)OCCN2CCCOC)[C@@H]3[C@H]([C@H](OCC(=O)N4CCOCC4)CNC3)C5=CC=C(COCC6CC6)C=C5,0.9999994
215,O(CCCCOC)C1=C(C(NC[C@@H](C[C@@H]([C@H](CNS(C(C)(C)C)(=O)=O)O)N)C(C)C)=O)C=CC=C1,1.0
216,C(CC)C1(CCC)C=2C(C(O)=C(C1=O)C=3NC=4C(S(=O)(=O)N3)=CC(NS(=O)(=O)C5=CC=C(OC6=C(Cl)C=C(C(F)(F)F)C=N6)C=C5)=CC4)=CC=CC2,1.0
217,CC1=C(N2[C@H]3C[C@@H](C2)N(C)C3)N=CC(NC=4N=C(C=CN4)C=5C=CC(N(C)C)=NC5)=C1,1.0
218,CC1=C(N2[C@H]3C[C@@H](C2)OC3)C=CC(NC=4N=C(C=CN4)C=5C=C6C(=NC5)N(C)CCO6)=C1,1.0
219,C(O)(=O)C1=C(C=2C(N1CC3=C(F)C=CC=C3)=CC=C(C(C)C)C2)C=4C(=O)NC=CC4,0.9999999
220,CC1=C(N2[C@H]3C[C@@H](C2)N(C)C3)C=CC(NC=4N=C(C=CN4)C=5C=CC(N(C)C)=NC5)=C1,1.0
221,CC1=C(N2C3CC(CC2CC3)N4CCOCC4)C=CC(NC=5N=C(C=CN5)C=6C=CC(OC7CCOCC7)=NC6)=C1,1.0
222,C[C@]1(F)[C@](C=2N3C(=NC2)C(N)=NC(N)=N3)(O[C@H](CO)[C@H]1O)[H],1.0
223,C(F)(F)(F)C=1C=C2N(C=NC2=CC1)C=3N=C(N[C@H](C(NCCCOCC)=O)CC(C)C)C=C(CCCC)N3,1.0
224,CC1=C(N2[C@H]3C[C@@H](C2)N(C)C3)N=CC(NC=4N=C(C=CN4)C=5C=C(C)C(=NC5)N6CCOCC6)=C1,1.0
225,C(CCOC)N1C=2C(OC(C)(C1)C3=CC(F)=CC=C3)=CC=C(CO[C@@H]4CC[C@@H](CC(C(NCC5CCOCC5)=O)(C)C)NC4)C2,1.0
226,C(C(C(C(CC1=CC=CC=C1)NC(C(NS(C(F)(F)F)(=O)=O)C(C)C)=O)O)O)(CC2=CC=CC=C2)NC(C(NS(C(F)(F)F)(=O)=O)C(C)C)=O,0.99953747
227,C(CC(C[C@@H]([C@H](CNC(=O)C1(OC)CCCCC1)O)N)(C)C)(=O)N2C=3C(CC(NC(OC)=O)C2)=CC=CC3,0.999967
228,FC1=C(C=CC(NC=2N=C(C=CN2)C=3C=C(C)C(=NC3)N4CCOCC4)=C1)N5CC6(C)CC(C)(C5)CN(C)C6,1.0
229,S(=O)(=O)(O)C=1C2=C(C(NC(CCCCCCCCCCC(NC=3C4=C(C(S(=O)(=O)O)=CC3)C=CC=C4)=O)=O)=CC1)C=CC=C2,0.9998661
230,N(C([C@@H](C[C@@H]([C@H](C[C@H](CC1=CC(OCCCOC)=C(OC)C=C1)C(C)C)N)O)C(C)C)=O)[C@@H]2C3(C2)CCOCC3,0.9997664
231,C(N[C@@H](CCCNC(NN(=O)=O)=N)C(NO)=O)(=O)C1=CC(Cl)=CC=C1,1.0
232,C(CNC([C@@H](NC([C@@H]([C@@H]([C@H](CC1=CC=CC=C1)NC([C@@H](NC(OCC2=CC=CC=C2)=O)C(C)C)=O)O)NCC3=CC=C(OC)C=C3)=O)C(C)C)=O)C=4NC=5C(N4)=CC=CC5,0.999982
233,O(P(C(CC)N)(=O)O)C1=CC=C(C(O)=O)C=C1,0.99999356
234,N([C@H](C(NCCCOCC)=O)CC(C)C)C1=NC(=NC(CCC)=C1)C=2C=CC(=NC2)C3=CC=C(F)C=C3,0.99991
235,O=C1C(=C(O)C=2C(C1(CCCC3=CC=CC=C3)C)=CC=CC2)C=4NC=5C(S(=O)(=O)N4)=CC(NC(OC(C)(C)C)=O)=CC5,1.0
236,C(CCCC(C)C)(C)(C)C1=C(OC)C=C(OC)C=C1,0.9999871
237,C(NC1=CC=CC=C1)(=O)C2=C(O)C(NC(NC3=C(Br)C=CC=C3)=O)=CC=C2,1.0
238,C(C(OC)=O)C1(O)C=CC(=O)C=C1,1.0
239,C(NCC(=S)N1CCCC1)C=2C=C3C(=CC2)OCO3,0.9998467
240,O(CCCOC)C1=C(OC)C=CC(C[C@@H](C[C@@H]([C@H](CNC(C(C)(C)C2=CC(OC)=CC=C2)=O)O)N)C(C)C)=C1,0.99999976
241,O=C1C(=C(O)C=2C([C@]1(CCC(C)C)C)=CC=CC2)C=3NC=4C(S(=O)(=O)N3)=CC(NS(=O)(=O)C=5NC=6C(N5)=CC=CC6)=CC4,1.0
242,C(O)(=O)C1=C(C=2C(N1CC=3C(F)=CN=CC3)=CC=C(Cl)C2)C=4C(=O)NC=CC4,0.99999905
243,N([C@H](C(NCCC1CCOC1)=O)CC(C)C)C2=NC(N3C=C(N=C3)C4=CC=C(OC(F)(F)F)C=C4)=NC(CCCC)=C2,0.99999547
244,[C@H](C(N[C@H](C(N[C@H](C(N[C@H](C(N[C@H](C(N[C@H](C(N[C@H](C(N[C@H](C(N[C@@H](CC1=CC=C(O)C=C1)C(O)=O)=O)CO)=O)CCSC)=O)CO)=O)CS)=O)CS)=O)C(C)C)=O)C(C)C)=O)(NC([C@H](CCC(O)=O)NC(C)=O)=O)CC(O)=O,0.999445
245,N(C(CNS(=O)(=O)C1=CC=CC=C1)=O)C=2SC(=NN2)C3=CC=C(C)C=C3,0.99990034
246,C([C@@H](C[C@@H]([C@H](CNC(C(C)(C)C1N(C)CCCC1)=O)O)N)C(C)C)C=2C=C(CCCCOC)N=C(C)C2,0.99999726
247,C(C(C(C(NC(OC(C)(C)C)=O)C1=CC=CC=C1)O)O)(NC(OC(C)(C)C)=O)C2=CC=CC=C2,0.9999999
248,O(CC1=CC=CC=C1)C2=CC=C(CNCC[C@@H](C(=O)N3CCCCC3)N)C=C2,1.0
249,C(O)(=O)C=1NC=2C(C1)=CC(C)=CC2,0.99999726
250,C(CCOC)C=1C=2C(N(C)C1)=NC=C(C[C@@H](C[C@@H]([C@H](CNC(C(C)(C)[C@@H]3CN(C)CCC3)=O)O)N)C(C)C)C2,0.9999927
251,C(CCOC)C=1C=2C(N(C)N1)=CC=C(C[C@@H](C[C@@H]([C@H](CNC(C(C)(C)[C@H]3CC[C@@H](N(C)C)CC3)=O)O)N)C(C)C)C2,0.999995
252,C(NCC(=O)N1CCCCC1)C=2C=C3C(=CC2)OCO3,0.9991505
253,C(OC(N[C@H](C(N[C@H](C(N[C@H](C(NC(C(OCC)=O)C)=O)C)=O)C)=O)C)=O)C1=CC=CC=C1,0.9995776
254,N(C(NC1=CC=CC=C1)=O)C2=C(O)C(Cl)=C(Cl)C=C2,1.0
255,O(C(C)=O)C1=C2C(C(OC)=C3C(=N2)OC=C3)=CC=C1,0.9999951
256,C(CC(C)C)[C@@]1(C)C=2C(C(O)=C(C1=O)C=3NC=4C(S(=O)(=O)N3)=CC(NS(C)(=O)=O)=CC4)=CC(F)=CC2,0.9990777
257,N(C(NC1=C(O)C(C#N)=CC=C1)=O)C2=C(C=CC=C2)C3=CC=CC=C3,0.99993336
258,N(C(=O)C1=C(N=CC=C1)C2=CC=CC=C2)C3=C(C=C(C(C)C)C=C3)N4CCN(CC4)C=5C=NC=CN5,1.0
259,N(C(=O)C=1C(C)=NNC1)C2=C(C=C(C(C)C)C=C2)N3CCN(CC3)C=4C=NC=CN4,1.0
260,S(C=1C(COC(C)C)C(=S)CC(=O)C1CC)C2=CC=CC=C2,0.9994166
261,C(F)(F)(F)C=1C=C2C(N(C=N2)C=3N=C(N[C@H](C(NCCCC(F)(F)F)=O)CC(C)C)C=C(CCCC)N3)=CC1,1.0
262,O(CC=1C=C2C(=CC1)OCCN2CCCOC)[C@@H]3[C@H](C[C@H](C[C@@H](C(NC)=O)CC)NC3)C4=CC=C(OC)C=C4,0.99998415
263,C(C(CCCN)N)(=O)N1CCCCC1,1.0
264,C(NC1=CC(Cl)=C(Cl)C=C1)(=O)C2=C(OC(C)=O)C(I)=CC(I)=C2,0.9999846
265,O(CC=1C=C2C(=CC1)OCCN2CCCOC)[C@@H]3[C@H]([C@H](OC[C@@H](C)O)CNC3)C4=CC=C(CSCCOC)C=C4,1.0
266,N(CC1=CC=CC=C1)(C(N[C@@H](CC2=CC=CC=C2)C=O)=O)N3[C@H](C(N[C@H](C(N[C@H](C(NC(C)(C)C)=O)C(C)C)=O)[C@H](CC)C)=O)CCC3,0.9999268
267,C(CCOC)N1C=2C(C=C1)=CC=C(C[C@@H](C[C@@H]([C@H](C[C@H](C(NC=3C=CC(F)=NC3)=O)C(C)C)O)N)C(C)C)C2,1.0
268,C(C12CC3CC(C1)CC(C2)C3)N4C=5C(C(O)=C(C4=O)C=6NC=7C(S(=O)(=O)N6)=CC=CC7)=CC=CN5,1.0
269,N(C=1C2=C(C=C(OC)C(OC)=C2)N=CN1)C3=CC(Br)=C(O)C=C3,1.0
270,C(N1C=2C(N=C1CC)=C(C)C=C(C)N2)C3=CC=C(C=C3)C=4C(C(O)=O)CN(C(C(C5=CC=CC=C5)C6=CC=CC=C6)=O)CC4,0.9999577
271,C(CC1=CC=CC=C1)(C(C(C(CC2=CC=CC=C2)NC(C(NC(CC(C)(C)C)=O)C(CC)C)=O)O)O)NC(C(NC(CC(C)(C)C)=O)C(CC)C)=O,0.99940884
272,C(CCOC)C=1C=2C(NC1)=CC=C(C[C@@H](C[C@@H]([C@H](CNC(C(C)(C)C3CCOCC3)=O)O)N)C(C)C)C2,1.0
273,O(CCCOC)C1=C(OC)C=CC(C[C@@H](C[C@@H]([C@H](C[C@H](C(NC=2N=C(F)C=CC2)=O)C(C)C)O)N)C(C)C)=C1,1.0
274,C(C(CCCCN)N)(=O)N1CCSC1,0.9991903
275,C(CNC(C(C)C)C(C)C)(=O)N1[C@H](C#N)CCC1,0.9999776
276,C(CCOC)C=1C=2C(OC(C)(C)C1)=CC=C(CO[C@@H]3[C@H]([C@H](O)CNC3)C4=CC=C(COCCOC)C=C4)C2,0.999997
277,C(O)(=O)C1C(C(C(O)=O)CN(C(C(C2=CC=CC=C2)C3=CC=CC=C3)=O)C1)C4=CC=C(CN5C(CCCCC)=NC(SC)=C5C=O)C=C4,0.9999999
278,O=C1C(C=2NC=3C(S(=O)(=O)N2)=CC(OCC(C)C)=CC3)=C(O)C=4C(N1CCC(C)C)=NC=CC4,0.9995509
279,C(#CC1(O)CCN(CC2=CC=CC=C2)CC1)C3(CO3)C4=CC=CC=C4,0.99998045
280,C(OC(C)(C)C)(=O)N1C(C(C(O)C2N(C(OC(C)(C)C)=O)CCC2)O)CCC1,0.9999925
281,S(NC(CC1=CC=CC=C1)P(CC(N[C@@H](CC2=CC(OC)=CC=C2)C(N[C@@H](CCC3=CC=CC=C3)C(N)=O)=O)=O)(=O)O)(=O)(=O)C=4C5=C(C=CC4)C=CC=N5,0.9999999
282,O(CCCOC)C1=C(OC)C=CC(C[C@@H](C[C@@H]([C@H](CN(C(C(C)(C)C)=O)CC)O)N)C(C)C)=C1,1.0
283,O(CC=1C=C2C(=CC1)OCCN2CCCOC)[C@@H]3[C@H](C[C@H](C[C@H](C(C)C)O)NC3)C4=CC=C(OC)C=C4,0.9999975
284,CC1=C(N2[C@H]3C[C@@H](C2)N(C)C3)C=CC(NC=4N=C(C(C)=CN4)C=5C=CC(=NC5)N6CCOCC6)=C1,1.0
285,C(CCOC)C=1N2C(=NC1)N=CC(C[C@@H](C[C@@H]([C@H](C[C@H](C(NC=3N=C(F)C=CC3)=O)C(C)C)O)N)C(C)C)=C2,1.0
286,C([C@@H](C[C@@H]([C@H](C[C@H](C(NC=1C=CC(F)=NC1)=O)C(C)C)O)N)C(C)C)C=2C=C(CCCCOC)N(=O)=C(C)C2,1.0
287,N(C(NC1=C(Br)C=CC=C1)=O)C2=C(O)C=C(C(OC)=O)C=C2,1.0
288,CC1=C(N2[C@H]3C[C@@H](C2)N(C)C3)C=CC(NC=4N=C(C=CN4)C=5C=CC(=NC5)N6[C@@H]7C[C@H](C6)OC7)=C1,0.99996376
289,N(C(=O)C=1C=CC=NC1)C2=C(C=C(C(C)C)C=C2)N3CCN(C(CNC)=O)CC3,1.0
290,C(Br)C1=C(C2=C(C=C1C=O)C=C(OC)C(OC)=C2)C3=CC(OC)=C(OC)C=C3,1.0
291,O(C1=CC(C(CNC(C(C(NC(C(NC(OCC2=CC=CC=C2)=O)CC(C)C)=O)CC)=O)=O)O)=CC=C1)C3=CC=CC=C3,1.0
292,O(CC=1C=C2C(=CC1)OCCN2CCCOC)[C@@H]3[C@H](C[C@H](CC(OC)C)NC3)C4=CC=C(OC)C=C4,1.0
293,O(CC=1C=C2C(=CC1)OCCN2CCCOC)[C@@H]3[C@H]([C@H](OC[C@@H](COC)O)CNC3)C4=CC=C(OCCOC)C=C4,1.0
294,C(CCOC)N1C=2C(=CC=C(CO[C@@H]3[C@H]([C@H](O)CNC3)C4=CC=C(C#N)C=C4)C2)OCC1,1.0
295,C(CC(C(O)=O)C)(C(CC(C)C)N)=O,0.99999213
296,O(CC=1C=C2C(=CC1)OCCN2CCCOC)[C@@H]3[C@H](C[C@H](CC(O)C=4NN=NN4)NC3)C5=CC=C(OC)C=C5,0.99998784
297,N(C(C(C)(C)N)=O)(CB(O)O)C,1.0
298,O(C)C=1C=C2C(=CC1OC)OC(=O)C=C2,1.0
299,C(CC1=CC=CC=C1)(C(C(C(CC2=CC=CC=C2)NC(C(NC(CCCCCNC(OCC3=CC=CC=C3)=O)=O)C(C)C)=O)O)O)NC(C(NC(CCCCCNC(OCC4=CC=CC=C4)=O)=O)C(C)C)=O,0.9999981
300,N(C(NC1=C(Cl)C(Cl)=CC=C1)=O)C2=CC(N(=O)=O)=CC=C2O,0.999997
301,O(CC=1C=C2C(=CC1)OCCN2CCCOC)[C@@H]3[C@H](C[C@@H](CC4CCOCC4)NC3)C5=CC=C(OC)C=C5,1.0
302,N(CC(F)=C1CCCCC1)C23CC4CC(C2)CC(C3)C4,0.99999976
303,N(S(=O)(=O)C1=CC=C(C)C=C1)C2=C(SCCCN(C)C)C=CC=C2,0.9999888
304,CC1=C(N2[C@H]3C[C@@H](C2)N(C)C3)C=CC(NC=4N=C(C=CN4)C=5C=C6C(=NC5)NCCO6)=C1,1.0
305,C(CCOC)C=1C=2C(NC1)=CN=C(C[C@@H](C[C@@H]([C@H](C[C@H](C(NC3=C(F)C=CC=N3)=O)C(C)C)O)N)C(C)C)C2,1.0
306,C(C(C(C(CCC1=CC=CC=C1)NC(OC(C)(C)C)=O)O)O)(CCC2=CC=CC=C2)NC(OC(C)(C)C)=O,0.9999999
307,C(N1C=2C(C(=O)C(C(=O)C3=CC=C(C)C=C3)=C1)=CC(OC)=C(OC)C2)C4=CC=C(N)C=C4,1.0
308,N(=O)(=O)C=1C2=C(C(=CC1)N3CCOCC3)N=CC=C2,0.99969995
309,C[C@@]12[C@]([C@]3([C@@]([C@]4(C)[C@](CC3)(C[C@H](O)CC4)[H])(CC1)[H])[H])(CC[C@@]2([C@@H](CCC(NCCS(=O)(=O)O)=O)C)[H])[H],1.0
310,C(C(CSC1=C(NC(C(C)(C)C)=O)C=CC=C1)O)C2=C(C(NC(C)(C)C)=O)C=CC=C2,0.99997604
311,O=C1C(=C(O)C=2C(C1(CC3CCC3)C)=CC=CC2)C=4NC=5C(S(=O)(=O)N4)=CC(N)=CC5,0.9999989
312,O(CCCOC)C1=C(OC)C=CC(C[C@@H](C[C@@H]([C@H](C[C@H](C(N[C@@H]2CCOC2)=O)C(C)C)O)N)C(C)C)=C1,0.99986076
313,C(CCOC)C=1C=2C(N(C)C1)=CN=C(C[C@@H](C[C@@H]([C@H](C[C@H](C(NC3CCNCC3)=O)C(C)C)O)N)C(C)C)C2,1.0
314,C(NS(=O)(=O)C1=CC(Cl)=CC=C1)(=NCC)N2C(CC=N2)C3=CC=CC=C3,0.9999999
315,O(C1=CC(C(CNC(C(C(CC2=CC=CC=C2)NC(C(NC(OCC3=CC=CC=C3)=O)CC(C)C)=O)=O)=O)O)=CC=C1)C4=CC(C(F)(F)F)=CC=C4,1.0
316,[Hg](OC(C)=O)C1=CC=CC=C1,0.9999999
317,C([C@@H](C(O)=O)N)C1=CC=CC=C1,0.9999732
318,C(O)(=O)C1=CC=C(N(C)C)C=C1,0.99913555
319,OC=1C(=C2C(C(=O)C=C(O2)C3=CC=C(O)C=C3)=C(O)C1)C4=CC(=CC=C4O)C=5OC=6C(C(=O)C5)=C(O)C=C(O)C6,1.0
320,NC1=C2C(N=C(C(F)(F)F)N2)=NC=N1,0.99999917
321,[Hg+2],0.99999964
322,NC=1SC=2C(=NC3=C(C2)SC(N)=N3)N1,0.9999461
323,CC=1C=C2C(=CC1)S[Zn]S2,0.9999418
324,C(C1=C2N(C=3C(S2)=CC=CC3)CC1)=C4C5=[N+](CC4)C=6C(S5)=CC=CC6,0.99999964
325,O(C1=C2C(OC=3C(O2)=C(O)C=C(O)C3)=C(O)C=C1O)C4=CC(O)=CC(O)=C4,0.9998815
326,O(C(C)=O)C1C(OC(C)=O)C(=O)OC1=O,1.0
327,[C@]([C@H]([C@@H]([C@H](CC1=CC=CC=C1)NC(OCC2=CC=CC=C2)=O)O)O)(CC3=CC=CC=C3)(NC(OCC4=CC=CC=C4)=O)[H],0.99996734
328,C([C@@H]([C@H]([C@@H]([C@H](CC=1C=2C(NC1)=CC=CC2)NC(OCC3=CC=CC=C3)=O)O)O)NC(OCC4=CC=CC=C4)=O)C=5C=6C(NC5)=CC=CC6,0.9999857
329,OC=1C=2C(NC(=O)C1SC=3N(N=NN3)C4=CC=C(O)C=C4)=CC(Cl)=CC2Cl,0.9999999
330,S(=O)(=O)(C1=C(N(=O)=O)C=C(C(F)(F)F)C=C1N(=O)=O)C2=C(Cl)C=C(Cl)C(C)=C2,0.9999769
331,C(OC=1C=CC=NC1)(=O)C2=CC=CO2,0.99916995
332,C(OC=1C=C(Cl)C=NC1)(=O)C2=CC=CO2,0.9998983
333,C(C)[N+]=1C2=C(C3=C(C=C2)CCCC3)SC1C=C(C=C4N(CC)C=5C(S4)=CC(C)=C(C)C5)CC,0.99999976
334,O=C1C=2C(=CC=C(S(=O)(=O)N3CC(C)CC(C)C3)C2)NC1=O,0.99999595
335,ClC=1C=C(N2C(C(C(=N2)C3=CC=C(Br)C=C3)N4C=CN=C4)C5=CC=C(Cl)C=C5)C=CC1Cl,1.0
336,O(C(=O)C1=CC=C(N(C)C)C=C1)N2C=3C(N=N2)=CC=CC3,0.99999905
337,O(C(=O)C1=CC=C(NC)C=C1)N2C=3C(N=N2)=CC=CC3,0.9999981
338,O(C(=O)C1=CC=C(N(CC)CC)C=C1)N2C=3C(N=N2)=CC=CC3,0.9999994
339,O(C(=O)C=1C=C2C(=CC1)N=CN2)N3C=4C(N=N3)=CC=CC4,1.0
340,O(C(=O)C=1C=C2C(=CC1)NC=C2)N3C=4C(N=N3)=CC=CC4,0.9999999
341,O(C(=O)C1=CC=2C(N1)=CC=CC2)N3C=4C(N=N3)=CC=CC4,1.0
342,O(C(=O)C1=CC=2C(N1)=CC=C(F)C2)N3C=4C(N=N3)=CC=CC4,1.0
343,C(F)(F)(F)C1=CC(=NN1C)C=2SC(=CC2)C3=NC(SCC(NC4=CC=C(Cl)C=C4)=O)=NC=C3,1.0
344,C(OC=1C=C(Cl)C=NC1)(=O)C2=CC=3C(N2)=CC=CC3,1.0
345,C(OC=1C=C(Cl)C=NC1)(=O)C=2OC(=CC2)C3=CC=C(Cl)C=C3,0.99982625
346,C(OC=1C=C(Cl)C=NC1)(=O)C=2C=CN=CC2,0.9999993
347,C(OC=1C=C(Cl)C=NC1)(=O)C=2C=CC=NC2,0.9999157
348,C(OC=1C=C(Cl)C=NC1)(=O)C2=CC=C(Cl)C=C2,0.99999976
349,O=C1C=2C(N(C)C1=O)=CC=C(S(=O)(=O)N3CCOCC3)C2,0.9991547
350,C(OC=1C=C(Cl)C=NC1)(=O)C=2C=C3C(=CC2)NC=C3,1.0
351,C(OC=1C=C(Cl)C=NC1)(=O)C=2C=C3C(=CC2)C=CN3,1.0
352,C(OC=1C=C(Cl)C=NC1)(=O)C2=C3C(NC=C3)=CC=C2,1.0
353,C(OC=1C=C(Cl)C=NC1)(=O)C2=C3C(N(C(C)=O)C=C3)=CC=C2,0.9999926
354,S(CC1=CC(OC)=CC(=O)O1)(=O)C2=NC=3C(S2)=NC=CC3,0.99957865
355,[C@@H](NC([C@@H](NC([C@@H](NC([C@@H](NC(C)=O)CO)=O)C)=O)C(C)C)=O)(C(N[C@@H](CC1=CN=CN1)C=O)=O)CC(C)C,1.0
356,[C@@H](CC1CCCCC1)(NC([C@@H](NC([C@@H](NC([C@@H](NC(C)=O)CO)=O)C)=O)C(C)C)=O)C(N[C@@H](CC2=CN=CN2)C=O)=O,1.0
357,C(C1C=2C(C(=O)C1=O)=CC(I)=CC2)C3=CC=4C(S3)=CC=CC4,0.9996904
358,C(C1C=2C(C(=O)C1=O)=CC=CC2Br)C3=CC=4C(S3)=CC=CC4,1.0
359,C(N(C(=O)C1=CN=CN1)C2=CC=C(C(C)(C)C)C=C2)(C(NC(C)(C)C)=O)C=3C=CC=NC3,0.9999689
360,N(C(C(NC(C)(C)C)=O)C=1C=CC=NC1)(C(CC=2C=3C(NC2)=CC=CC3)=O)C4=CC=C(C(C)C)C=C4,0.99998975
361,N(C(C(NC(C)(C)C)=O)C=1C=CC=NC1)(C(CC=2C=3C(NC2)=CC=CC3)=O)C4=CC=C(C(C)(C)C)C=C4,0.99996376
362,C(N(C(CN1C=2C(N=N1)=CC=CC2)=O)C3=CC=C(NC(C)=O)C=C3)(C(NC(C)(C)C)=O)C=4C=CSC4,0.9996773
363,N(C(C(NC(C)(C)C)=O)C=1C=CSC1)(C(CN2C=3C(N=N2)=CC=CC3)=O)C4=CC=C(NC(CC)=O)C=C4,0.9996773
364,N(C(C(NC(C)(C)C)=O)C=1C=CSC1)(C(CN2C=3C(N=N2)=CC=CC3)=O)C4=CC=C(NC(C(C)C)=O)C=C4,0.99981076
365,N(C(C(NC(C)(C)C)=O)C=1C=CSC1)(C(CN2C=3C(N=N2)=CC=CC3)=O)C4=CC=C(NC(=O)C5CC5)C=C4,0.9999869
366,N(C(C(NC(C)(C)C)=O)C=1C=CSC1)(C(CN2C=3C(N=N2)=CC=CC3)=O)C4=CC=C(NC(=O)C5CCC5)C=C4,0.99980587
367,C(C(N(CC=1C=CSC1)C2=CC=C(NC(=O)C3CC3)C=C2)=O)N4C=5C(N=N4)=CC=CC5,0.9997601
368,C(C(N(CC=1C=CSC1)C2=CC=C(NC)C=C2)=O)N3C=4C(N=N3)=CC=CC4,0.9991173
369,C(C(N(CC=1C=CSC1)C2=CC=C(C=C2)C=3C=CC=NC3)=O)N4C=5C(N=N4)=CC=CC5,0.99992096
370,C(C(N(CC=1C=CSC1)C2=CC=C(C=C2)C=3C=CN=CC3)=O)N4C=5C(N=N4)=CC=CC5,0.99992096
371,[C@H](N(C(CN1C=2C(N=N1)=CC=CC2)=O)C3=CC=C(NC(C)=O)C=C3)(C(NC(CC)(C)C)=O)C4=CN(C)C=C4,1.0
372,C(C(N(CC=1C=CSC1)C2=CC=C(NC(COC)=O)C=C2)=O)N3C=4C(N=N3)=CC=CC4,0.9997495
373,N(C(C(NC(C)(C)C)=O)C=1C=CC=NC1)(C(=O)C2=CC=CO2)C3=CC=C(C=C3)C4=C(C#N)C=CC=C4,0.9999995
374,N(C(C(NCC1=CC=CC=C1)=O)C2=CC(F)=CC=C2)(C(CN3C=4C(N=N3)=CC=CC4)=O)C5=CC=C(NC(=O)C6CCC6)C=C5,0.9998017
375,N(C(C(NC(C)(C)C)=O)C=1C=CC=NC1)(C(CC=2C=3C(NC2)=CC=CC3)=O)C4=CC=C(OCF)C=C4,0.9999995
376,N(C(C(NCC1=CC=CC=C1)=O)C2=CC(F)=CC=C2)(C(CN3C=4C(N=N3)=CC=CC4)=O)C5=CC=C(NC(=O)C6CC6)C=C5,0.9999689
377,[C@H](N(C(=O)C1=CN=CN1)C2=CC=C(C(C)(C)C)C=C2)(C(NC(C)(C)C)=O)C=3C=CC=NC3,1.0
378,C(=C\\1/C(=NN(C1=O)C2=CC(C(O)=O)=CC=C2)C3=CC=CC=C3)\\C4=CC=C(OCC5=CC=CC=C5)C=C4,1.0
379,S(SC1=CC=C(Br)C=C1)C=2SC(NC(C)=O)=CN2,0.9999745
380,S(SC1=NC=CS1)C2=CC=C(Cl)C=C2,0.99999046
381,S(SC1=CC=C(C)C=C1)C=2SC(NC(C)=O)=CN2,0.99995625
382,C(C)(=O)N1C(=NC(SSC2=C(N(=O)=O)C=CC=C2)=N1)C=3C=CC=NC3,0.9999615
383,C(C)(=O)N1C(=NC(SSC2=C(C(OCC)=O)C=CC=C2)=N1)C=3C=CN=CC3,0.99918705
384,S(SC1=CC=C(Br)C=C1)C=2N=C(C)C=C(C)N2,1.0
385,S(SC1=CC=CC=C1)C=2N=C(C)C=C(C)N2,0.99982005
386,S(SC1=CC=C(C)C=C1)C=2N=C(C)C=C(C)N2,0.9999398
387,S(SC=1N=CC=CN1)C2=C(N(=O)=O)C=CC=C2,0.9999999
388,S(SC=1N=CC=CN1)C2=CC=C(Br)C=C2,1.0
389,S(SC=1N=CC=CN1)C2=CC=C(C)C=C2,0.99999976
390,S(SC=1NC(C(OC)=O)=CN1)C2=C(N(=O)=O)C=CC=C2,1.0
391,S(SC=1NC(C(OC)=O)=CN1)C2=C(C(OCC)=O)C=CC=C2,1.0
392,S(SC=1NC(C(OC)=O)=CN1)C2=C(C(OC)=O)C=CC=C2,1.0
393,S(SC1=CC=C(F)C=C1)C=2SC(NC(C)=O)=CN2,0.9999989
394,S(SC1=NC=CS1)C2=C(N(=O)=O)C=CC=C2,1.0
395,S(SC1=NC=CS1)C2=CC=C(C)C=C2,0.9999999
396,S(SC1=NC=CS1)C2=CC=C(F)C=C2,1.0
397,S(SC1=NC=CS1)C2=CC=C(Br)C=C2,1.0
398,C(N[C@@H](CC1=CC=CC=C1)C(N[C@@H](C[C@H]2C(=O)NCC2)C=O)=O)(=O)C3=NC4=C(N=C3)C=CC=C4,0.99993634
399,C(N[C@@H](CC1=CC=CC=C1)C(N[C@@H](C[C@H]2C(=O)NCC2)C=O)=O)(=O)C3=CC4=C(C=C3)N=CC=N4,1.0
400,C(N[C@@H](CC1=CC=CC=C1)C(N[C@@H](C[C@H]2C(=O)NCC2)C=O)=O)(=O)C=3NC=4C(N3)=CC=CC4,1.0
401,C(N[C@@H](CC1=CC=CC=C1)C(N[C@@H](C[C@H]2C(=O)NCC2)C=O)=O)(=O)C=3NC=4C(C3)=CC(F)=CC4,0.99958295
402,N(C(C(NCC1=CC=CC=C1)=O)C2=CC(OC)=CC=C2)(C(CN3C=4C(N=N3)=CC=CC4)=O)C5=CC=C(NC(C(C)C)=O)C=C5,0.999579
403,N(C(C(NCC1=CC=CC=C1)=O)C=2C=CC=NC2)(C(CN3C=4C(N=N3)=CC=CC4)=O)C5=CC=C(NC(C(C)C)=O)C=C5,0.9999999
404,N(C(C(NCC1=CC=CC=C1)=O)C2=CC(F)=CC=C2)(C(CN3C=4C(N=C3)=CC=CC4)=O)C5=CC=C(NC(C(C)C)=O)C=C5,1.0
405,N(C(C(NC(C)C)=O)C=1C=CSC1)(C(CN2C=3C(N=N2)=CC=CC3)=O)C4=CC=C(NC(=O)C5CC5)C=C4,0.9999784
406,N(C(C(NCC(C)C)=O)C=1C=CSC1)(C(CN2C=3C(N=N2)=CC=CC3)=O)C4=CC=C(NC(=O)C5CC5)C=C4,0.9999784
407,N(C(C(NCC(C)(C)C)=O)C=1C=CSC1)(C(CN2C=3C(N=N2)=CC=CC3)=O)C4=CC=C(NC(=O)C5CC5)C=C4,0.99998033
408,N(C(C(NC1CC1)=O)C=2C=CSC2)(C(CN3C=4C(N=N3)=CC=CC4)=O)C5=CC=C(NC(=O)C6CC6)C=C5,0.9999666
409,N(C(C(NC1CCCC1)=O)C=2C=CSC2)(C(CN3C=4C(N=N3)=CC=CC4)=O)C5=CC=C(NC(=O)C6CC6)C=C5,0.9999769
410,N(C(C(NCC=1C=CC=NC1)=O)C=2C=CSC2)(C(CN3C=4C(N=N3)=CC=CC4)=O)C5=CC=C(NC(=O)C6CC6)C=C5,0.9999994
411,N(C(C(NCC1=CC=CC=C1)=O)C=2C=CSC2)(C(CN3C=4C(N=N3)=CC=CC4)=O)C5=CC=C(NC(=O)C6CC6)C=C5,0.9999989
412,C(N(C(=O)C1=CN=CN1)C2=CC=C(CC(C)C)C=C2)(C(NC(C)(C)C)=O)C=3C=CC=NC3,0.99981695
413,N(C(C(NC(C)(C)C)=O)C=1C=CC=NC1)(C(=O)C2=CN=CN2)C3=CC=C(C=C3)C4CC4,1.0
414,N(C(C(NC(C)(C)C)=O)C=1C=CC=NC1)(C(=O)C2=CN=CN2)C3=CC=C(C=C3)C4CCC4,0.9999949
415,C(N(C(=O)C1=CN=CN1)C2=CC=C(C=C2)C3CCCC3)(C(NC(C)(C)C)=O)C=4C=CC=NC4,0.99999964
416,N(C(C(NC(C)(C)C)=O)C=1C=CC=NC1)(C(=O)C2=CN=CN2)C3=CC=C(C=C3)C4CCCCC4,0.99999094
417,N(C(C(NCC(C)C)=O)C=1C=CC=NC1)(C(=O)C2=CN=CN2)C3=CC=C(C(C)(C)C)C=C3,0.99919397
418,N(C(C(NCC(C)(C)C)=O)C=1C=CC=NC1)(C(=O)C2=CN=CN2)C3=CC=C(C(C)(C)C)C=C3,0.9999361
419,N(C(C(NC1CC1)=O)C=2C=CC=NC2)(C(=O)C3=CN=CN3)C4=CC=C(C(C)(C)C)C=C4,0.9999988
420,N(C(C(NC1CCCC1)=O)C=2C=CC=NC2)(C(=O)C3=CN=CN3)C4=CC=C(C(C)(C)C)C=C4,0.9999883
421,N(C(C(NCC(OC(C)(C)C)=O)=O)C=1C=CSC1)(C(CN2C=3C(N=N2)=CC=CC3)=O)C4=CC=C(NC(=O)C5CC5)C=C4,0.9999968
422,N(C(C(NC1CCCCC1)=O)C=2C=CSC2)(C(CN3C=4C(N=N3)=CC=CC4)=O)C5=CC=C(NC(=O)C6CC6)C=C5,0.9999534
423,N(C(C(NC1CCCCC1)=O)C=2C=CC=NC2)(C(=O)C3=CN=CN3)C4=CC=C(C(C)(C)C)C=C4,0.9996075
424,[C@@H](C[C@H]1C(=O)NCC1)(NC([C@@H](NC(OC2CCN(S(C)(=O)=O)CC2)=O)CC(C)C)=O)C(S(=O)(=O)O)O,0.99999046
425,C([C@H](CC1=CC=C(F)C=C1)NC(OCC2=CC=CC=C2)=O)(=O)N3[C@H](C(N[C@@H](C[C@H]4C(=O)NCC4)C(C(NC(C)C)=O)=O)=O)CC(CC)(CC)C3,0.9991636
426,C(C1(OC(N[C@H](C(N[C@@H](C[C@@H]2CCNC2=O)C=O)=O)CC(C)C)=O)CCN(C(OC(C)(C)C)=O)CC1)C3=CC=CC=C3,0.9999994
427,C(C1(OC(N[C@H](C(N[C@@H](C[C@H]2C(=O)NCC2)C=O)=O)CC(C)C)=O)CCN(S(C)(=O)=O)CC1)C3=CC=CC=C3,0.999979
428,O(C(N[C@H](C(N[C@@H](C[C@H]1C(=O)NCC1)C(S(=O)(=O)O)O)=O)CC(C)C)=O)C2(CC)CCN(C(OC(C)(C)C)=O)CC2,0.9999745
429,O=C(C=Cc1ccccc1)Sc1ccccc1N=C(O)C=Cc1ccccc1,0.999936
430,Cc1ccc(C(=O)NC(=Cc2ccc(-c3cccc([N+](=O)[O-])c3)o2)C(=O)NCCCN(C)C)cc1,1.0
431,CN(C)CCCCc1ccccc1N=C(O)C=Cc1ccccc1,0.99998736
432,CC(OC(C)(C)C)[C@H](N=C(O)OCc1ccccc1)C(O)=N[C@@H](CC1CCCCC1)C(O)=N[C@H](C=O)C[C@@H]1CCN=C1O,0.9999497
433,CC(O)=N[C@H](C(O)=N[C@H](C(O)=N[C@@H](CC1CCCCC1)C(O)=N[C@H](C=O)Cc1cnc[nH]1)C(C)C)C(C)O,1.0
434,CC1=C(O)C(=O)C=C2C1=CC=C1[C@@]3(C)CC[C@@]4(C)CC(=O)[C@H](C)CC4[C@]3(C)CC[C@@]21C,0.99987304
435,CC(O)=N[C@H](C(O)=N[C@H](C(O)=N[C@@H](CC(C)C)C(O)=N[C@@H](CCC(=O)N(C)C)C(=O)Cn1nc(O)c2c([N+](=O)[O-])cccc2c1=O)[C@H](C)OCc1ccccc1)C(C)C,0.9999578
436,CC(C)C[C@H](N=C(O)[C@@H](N=C(O)OCc1ccccc1)C(C)C)C(O)=NC(C=O)C[C@@H]1CCN=C1O,0.9997049
437,C[C@H](OC(C)(C)C)[C@H](N=C(O)OCc1ccccc1)C(O)=N[C@@H](CC1CCCCC1)C(O)=N[C@H](C=O)C[C@@H]1CCN=C1O,0.9999497
438,CCC(C)(C)N=C(O)C(c1ccn(C)c1)N(C(=O)Cn1nnc2ccccc21)c1ccc(N=C(C)O)cc1,1.0
439,Cn1ccc(C(C(O)=NC(C)(C)C)N(C(=O)Cn2nnc3ccccc32)c2ccc(NC(=O)C3CC3)cc2)c1,1.0
440,CC(C)(C)N=C(O)C(c1ccsc1)N(C(=O)Cc1nc2ccccc2[nH]1)c1ccc(NC(=O)C2CC2)cc1,1.0
441,Cn1ccc(CN(C(=O)Cn2nnc3ccccc32)c2ccc(NC(=O)C3CCC3)cc2)c1,0.9999999
442,O=[N+]([O-])c1cc(B(O)O)cc(C(O)=Nc2ccccc2N=C(O)c2cc(B(O)O)cc([N+](=O)[O-])c2)c1,0.99999845
443,Cn1ccc(C(C(O)=NC(C)(C)C)N(C(=O)Cn2nnc3ccccc32)c2ccc(NC(=O)C3CCC3)cc2)c1,1.0
444,C=C(C)[C@@H]1CC[C@]2(C(=O)O)CC[C@]3(C)C(CCC4[C@@]5(C)CC[C@H](O)C(C)(C)C5CC[C@]43C)C12,1.0
445,O=C(O)c1cccc(N2N=C(c3ccccc3)C(=Cc3ccc(-c4ccccc4)o3)C2=O)c1,0.9999999
446,CC(C)C(=O)Nc1ccc(N(Cc2ccn(C)c2)C(=O)Cn2nnc3ccccc32)cc1,1.0
447,CC(C)c1ccc(N2N=C(c3ccccc3)C(=Cc3ccc(-c4cc(Cl)ccc4C(=O)O)o3)C2=O)cc1,0.99999964
448,Cn1ccc(CN(C(=O)Cn2nnc3ccccc32)c2ccc(-c3ccccc3)cc2)c1,0.99999857
449,Cc1nc(SSc2ccccc2[N+](=O)[O-])nn1C(=O)O,0.9998185
450,CNC(=O)C(=O)[C@H](C[C@@H]1CCN=C1O)N=C(O)[C@H](CC(C)C)N=C(O)[C@H](Cc1cc(C)cc(OC)n1)N=C(O)OCc1ccccc1,0.9997807
451,COC(=O)c1cc2c(O)cc(C(F)(F)F)cc2o1,1.0
452,Clc1ccc(-c2c(-n3ccnc3)c(-c3ccc(Br)cc3)nn2-c2ccc(Cl)c(Cl)c2)cc1,1.0
453,CCC(=O)Nc1ccc(N(C(=O)Cn2nnc3ccccc32)C(C(O)=NC(C)(C)C)c2ccn(C)c2)cc1,0.9999994
454,CC(O)=NC(C)C(O)=N[C@@H](CO)C(O)=N[C@H](C(=O)[C@@H](CO)C(O)=N[C@H](C=O)CCC(=N)O)[C@@H](C)O,1.0
455,CCCCNC(=O)C(=O)[C@H](C[C@@H]1CCN=C1O)N=C(O)[C@H](CC(C)C)N=C(O)[C@H](Cc1nc(C)cs1)N=C(O)OCc1ccccc1,0.99991024
